<?xml version="1.0" encoding="UTF-8"?>
<templates id="template" xml:space="preserve">

    <t t-name="SaleOrderScreenWidget" owl="1">
        <div class="order-management-screen screen">
            <div class="screen-full-width">
                <div class="rightpane">
                    <div class="flex-container">
                        <div class="control-panel">
                            <div class="item button back" t-on-click="trigger('close-screen')">
                                <i class="fa fa-angle-double-left"></i>
                                <span> Back</span>
                            </div>
                        </div>
                        <ViewSaleOrderList orders="state.orders"/>
                    </div>
                </div>
            </div>
        </div>
    </t>
</templates>
